region,coverage_amount,premium,risk_score,exposure_ratio
East,132912189.8776616,1479988.7976465153,0.4897719580818575,89.80621345852019
North,142363081.5825543,1441341.518973236,0.4629111502134615,98.77123478963478
South,138272509.7919892,1473702.5964471926,0.5009799078611443,93.82660390592855
West,118118658.66803832,1126618.621865365,0.512649847250189,104.84351703016137
