Scenario,Region,Loss,Loss_Percentage
Hurricane,South,69136254.89599466,13.003689852300242
Earthquake,West,35435597.600411475,6.665005525969865
