policy_type,coverage_amount,premium,risk_score,exposure_ratio
Auto,137513894.47106683,1448870.6984530084,0.48358321977219887,94.91108807562571
Commercial,149730771.52503908,1538065.6597708522,0.49467361079791244,97.35005171843355
Health,115351244.20601387,1232844.144731046,0.5086007177636178,93.5651474673456
Home,129070529.71812366,1301871.0319774025,0.4743765197463653,99.14233172703702
